{
    "foreground_intensity_properties_per_channel": {
        "0": {
            "max": 1819.0,
            "mean": 134.01280212402344,
            "median": 112.0,
            "min": -882.0,
            "percentile_00_5": -27.0,
            "percentile_99_5": 481.0,
            "std": 90.67718505859375
        }
    },
    "median_relative_size_after_cropping": 1.0,
    "shapes_after_crop": [
        [
            386,
            512,
            512
        ],
        [
            307,
            512,
            512
        ],
        [
            341,
            512,
            512
        ],
        [
            401,
            512,
            512
        ],
        [
            317,
            512,
            512
        ],
        [
            237,
            512,
            512
        ],
        [
            393,
            512,
            512
        ],
        [
            292,
            512,
            512
        ],
        [
            280,
            512,
            512
        ],
        [
            400,
            512,
            512
        ],
        [
            277,
            512,
            512
        ],
        [
            324,
            512,
            512
        ],
        [
            374,
            512,
            512
        ],
        [
            389,
            512,
            512
        ],
        [
            295,
            512,
            512
        ],
        [
            313,
            512,
            512
        ],
        [
            275,
            512,
            512
        ],
        [
            288,
            512,
            512
        ],
        [
            267,
            512,
            512
        ],
        [
            374,
            512,
            512
        ],
        [
            329,
            512,
            512
        ],
        [
            339,
            512,
            512
        ],
        [
            303,
            512,
            512
        ],
        [
            281,
            512,
            512
        ],
        [
            342,
            512,
            512
        ],
        [
            378,
            512,
            512
        ],
        [
            291,
            512,
            512
        ],
        [
            335,
            512,
            512
        ],
        [
            346,
            512,
            512
        ],
        [
            275,
            512,
            512
        ],
        [
            348,
            512,
            512
        ],
        [
            378,
            512,
            512
        ],
        [
            417,
            512,
            512
        ],
        [
            281,
            512,
            512
        ],
        [
            399,
            512,
            512
        ],
        [
            345,
            512,
            512
        ],
        [
            275,
            512,
            512
        ],
        [
            299,
            512,
            512
        ],
        [
            317,
            512,
            512
        ],
        [
            295,
            512,
            512
        ],
        [
            425,
            512,
            512
        ],
        [
            325,
            512,
            512
        ],
        [
            344,
            512,
            512
        ],
        [
            295,
            512,
            512
        ],
        [
            354,
            512,
            512
        ],
        [
            376,
            512,
            512
        ],
        [
            307,
            512,
            512
        ],
        [
            349,
            512,
            512
        ],
        [
            386,
            512,
            512
        ],
        [
            356,
            512,
            512
        ],
        [
            391,
            512,
            512
        ],
        [
            324,
            512,
            512
        ],
        [
            365,
            512,
            512
        ],
        [
            285,
            512,
            512
        ],
        [
            277,
            512,
            512
        ],
        [
            389,
            512,
            512
        ],
        [
            287,
            512,
            512
        ],
        [
            298,
            512,
            512
        ],
        [
            280,
            512,
            512
        ],
        [
            280,
            512,
            512
        ],
        [
            280,
            512,
            512
        ],
        [
            319,
            512,
            512
        ],
        [
            427,
            512,
            512
        ],
        [
            340,
            512,
            512
        ],
        [
            407,
            512,
            512
        ],
        [
            270,
            512,
            512
        ],
        [
            369,
            512,
            512
        ],
        [
            291,
            512,
            512
        ],
        [
            311,
            512,
            512
        ],
        [
            355,
            512,
            512
        ],
        [
            377,
            512,
            512
        ],
        [
            289,
            512,
            512
        ],
        [
            297,
            512,
            512
        ],
        [
            313,
            512,
            512
        ],
        [
            379,
            512,
            512
        ],
        [
            399,
            512,
            512
        ],
        [
            249,
            512,
            512
        ],
        [
            391,
            512,
            512
        ],
        [
            322,
            512,
            512
        ],
        [
            395,
            512,
            512
        ],
        [
            275,
            512,
            512
        ],
        [
            378,
            512,
            512
        ],
        [
            368,
            512,
            512
        ],
        [
            389,
            512,
            512
        ],
        [
            373,
            512,
            512
        ],
        [
            360,
            512,
            512
        ],
        [
            379,
            512,
            512
        ],
        [
            403,
            512,
            512
        ],
        [
            301,
            512,
            512
        ],
        [
            392,
            512,
            512
        ]
    ],