{
    "foreground_intensity_properties_per_channel": {
        "0": {
            "max": 1170.0,
            "mean": 131.08058166503906,
            "median": 113.0,
            "min": -867.0,
            "percentile_00_5": -12.0,
            "percentile_99_5": 441.0,
            "std": 81.0052719116211
        }
    },
    "median_relative_size_after_cropping": 0.4253711558854719,
    "shapes_after_crop": [
        [
            140,
            512,
            512
        ],
        [
            149,
            512,
            512
        ],
        [
            139,
            512,
            512
        ],
        [
            144,
            512,
            512
        ],
        [
            136,
            512,
            512
        ],
        [
            141,
            512,
            512
        ],
        [
            148,
            512,
            512
        ],
        [
            140,
            512,
            512
        ],
        [
            148,
            512,
            512
        ],
        [
            144,
            512,
            512
        ],
        [
            145,
            512,
            512
        ],
        [
            145,
            512,
            512
        ],
        [
            140,
            512,
            512
        ],
        [
            145,
            512,
            512
        ],
        [
            140,
            512,
            512
        ],
        [
            147,
            512,
            512
        ],
        [
            143,
            512,
            512
        ],
        [
            142,
            512,
            512
        ],
        [
            153,
            512,
            512
        ],
        [
            144,
            512,
            512
        ],
        [
            151,
            512,
            512
        ],
        [
            146,
            512,
            512
        ],
        [
            147,
            512,
            512
        ],
        [
            141,
            512,
            512
        ],
        [
            144,
            512,
            512
        ],
        [
            147,
            512,
            512
        ],
        [
            138,
            512,
            512
        ],
        [
            141,
            512,
            512
        ],
        [
            147,
            512,
            512
        ],
        [
            151,
            512,
            512
        ],
        [
            147,
            512,
            512
        ],
        [
            152,
            512,
            512
        ],
        [
            152,
            512,
            512
        ],
        [
            153,
            512,
            512
        ],
        [
            148,
            512,
            512
        ],
        [
            141,
            512,
            512
        ],
        [
            152,
            512,
            512
        ],
        [
            148,
            512,
            512
        ],
        [
            142,
            512,
            512
        ],
        [
            150,
            512,
            512
        ],
        [
            156,
            512,
            512
        ],
        [
            148,
            512,
            512
        ],
        [
            144,
            512,
            512
        ],
        [
            143,
            512,
            512
        ],
        [
            148,
            512,
            512
        ],
        [
            153,
            512,
            512
        ],
        [
            148,
            512,
            512
        ],
        [
            146,
            512,
            512
        ],
        [
            145,
            512,
            512
        ],
        [
            152,
            512,
            512
        ]
    ],
    "spacings": [
        [
            0.5,
            0.416015625,
            0.416015625
        ],
        [
            0.4000000059604645,
            0.4296875,
            0.4296875
        ],
        [
            0.5,
            0.435546875,
            0.435546875
        ],
        [
            0.4000000059604645,
            0.41015625,
            0.41015625
        ],
        [
            0.5,
            0.365234375,
            0.365234375
        ],
        [
            0.5,
            0.3515625,
            0.3515625
        ],
        [
            0.4000000059604645,
            0.3515625,
            0.3515625
        ],
        [
            0.5,
            0.341796875,
            0.341796875
        ],
        [
            0.5,
            0.33984375,
            0.33984375
        ],
        [
            0.5,
            0.423828125,
            0.423828125
        ],
        [
            0.5,
            0.3359375,
            0.3359375
        ],
        [
            0.4000000059604645,
            0.478515625,
            0.478515625
        ],
        [
            0.5,
            0.443359375,
            0.443359375
        ],
        [
            0.5,
            0.345703125,
            0.345703125
        ],
        [
            0.5,
            0.37890625,
            0.37890625
        ],
        [
            0.4000000059604645,
            0.443359375,
            0.443359375
        ],
        [
            0.5,
            0.416015625,
            0.416015625
        ],
        [
            0.5,
            0.34375,
            0.34375
        ],
        [
            0.4000000059604645,
            0.369140625,
            0.369140625
        ],
        [
            0.5,
            0.40625,
            0.40625
        ],
        [
            0.5,
            0.38671875,
            0.38671875
        ],
        [
            0.5,
            0.3515625,
            0.3515625
        ],
        [
            0.5,
            0.423828125,
            0.423828125
        ],
        [
            0.5,
            0.388671875,
            0.388671875
        ],
        [
            0.4000000059604645,
            0.44921875,
            0.44921875
        ],
        [
            0.5,
            0.36328125,
            0.36328125
        ],
        [
            0.5,
            0.423828125,
            0.423828125
        ],
        [
            0.5,
            0.376953125,
            0.376953125
        ],
        [
            0.5,
            0.3515625,
            0.3515625
        ],
        [
            0.4000000059604645,
            0.412109375,
            0.412109375
        ],
        [
            0.5,
            0.345703125,
            0.345703125
        ],
        [
            0.5,
            0.337890625,
            0.337890625
        ],
        [
            0.5,
            0.365234375,
            0.365234375
        ],
        [
            0.4000000059604645,
            0.37109375,
            0.37109375
        ],
        [
            0.5,
            0.416015625,
            0.416015625
        ],
        [
            0.5,
            0.375,
            0.375
        ],
        [
            0.4000000059604645,
            0.30859375,
            0.30859375
        ],
        [
            0.4000000059604645,
            0.416015625,
            0.416015625
        ],
        [
            0.5,
            0.34375,
            0.34375
        ],
        [
            0.4000000059604645,
            0.416015625,
            0.416015625
        ],
        [
            0.4000000059604645,
            0.291015625,
            0.291015625
        ],
        [
            0.4000000059604645,
            0.416015625,
            0.416015625
        ],
        [
            0.5,
            0.513671875,
            0.513671875
        ],
        [
            0.5,
            0.400390625,
            0.400390625
        ],
        [
            0.4000000059604645,
